id,timestamp_local,roi_id,material_name,measurement_mode,material_area_px,roi_area_px,occupancy_ratio,remaining_ratio,change_from_previous,confidence,quality_status,is_valid
17,2026-09-28 13:20:36,ROI-3,黒いケーブル,AUTO_FUSION,87827,417130,0.210551,1.0,,1.0,OK,1
18,2026-09-28 13:20:41,ROI-3,黒いケーブル,AUTO_FUSION,87827,417130,0.210551,1.0,0.0,0.871,OK,1
19,2026-09-28 13:22:42,ROI-3,黒いケーブル,AUTO_FUSION,86808,417130,0.208108,0.9884,-0.0116,0.856,OK,1
20,2026-09-28 13:24:43,ROI-3,黒いケーブル,AUTO_FUSION,22001,417130,0.052744,,,0.486,LOW_CONFIDENCE,0
21,2026-09-28 13:26:44,ROI-3,黒いケーブル,AUTO_FUSION,21335,417130,0.051147,,,0.478,LOW_CONFIDENCE,0
22,2026-09-28 13:28:44,ROI-3,黒いケーブル,AUTO_FUSION,21014,417130,0.050378,,,0.475,LOW_CONFIDENCE,0
23,2026-09-28 13:30:45,ROI-3,黒いケーブル,AUTO_FUSION,19358,417130,0.046408,,,0.453,LOW_CONFIDENCE,0
24,2026-09-28 13:32:46,ROI-3,黒いケーブル,AUTO_FUSION,18301,417130,0.043874,,,0.438,LOW_CONFIDENCE,0
35,2026-09-28 13:51:13,ROI-3,黒いケーブル,AUTO_FUSION,24103,415296,0.058038,,,0.504,PENDING_CONFIRMATION,0
36,2026-09-28 13:53:14,ROI-3,黒いケーブル,AUTO_FUSION,23914,414884,0.05764,,,0.504,PENDING_CONFIRMATION,0
37,2026-09-28 13:55:15,ROI-3,黒いケーブル,AUTO_FUSION,24423,413262,0.059098,0.2807,-0.7077,0.509,OK,1
38,2026-09-28 13:57:16,ROI-3,黒いケーブル,AUTO_FUSION,23601,413466,0.057081,0.2711,-0.0096,0.501,OK,1
39,2026-09-28 13:59:17,ROI-3,黒いケーブル,AUTO_FUSION,24639,413969,0.059519,0.2827,0.0116,0.511,OK,1
40,2026-09-28 14:01:18,ROI-3,黒いケーブル,AUTO_FUSION,24680,414885,0.059486,0.2825,-0.0002,0.509,OK,1
41,2026-09-28 14:03:18,ROI-3,黒いケーブル,AUTO_FUSION,25195,414472,0.060788,0.2887,0.0062,0.517,OK,1
42,2026-09-28 14:05:19,ROI-3,黒いケーブル,AUTO_FUSION,24622,415296,0.059288,0.2816,-0.0071,0.507,OK,1
43,2026-09-28 14:07:20,ROI-3,黒いケーブル,AUTO_FUSION,24709,413969,0.059688,0.2835,0.0019,0.511,OK,1
44,2026-09-28 14:09:21,ROI-3,黒いケーブル,AUTO_FUSION,24691,414884,0.059513,0.2827,-0.0008,0.507,OK,1
45,2026-09-28 14:11:22,ROI-3,黒いケーブル,AUTO_FUSION,24063,414175,0.058099,0.2759,-0.0068,0.502,OK,1
46,2026-09-28 14:13:23,ROI-3,黒いケーブル,AUTO_FUSION,24461,414175,0.05906,0.2805,0.0046,0.506,OK,1
47,2026-09-28 14:14:31,ROI-3,黒いケーブル,AUTO_FUSION,24853,414679,0.059933,0.2846,0.0041,0.561,OK,1
